{
  "page_hit@1": 0.08,
  "doc_hit@1": 0.08,
  "recall@1": 0.02,
  "mrr@1": 0.08,
  "page_hit@3": 0.12,
  "doc_hit@3": 0.12,
  "recall@3": 0.05,
  "mrr@3": 0.09333333333333332,
  "page_hit@5": 0.24,
  "doc_hit@5": 0.24,
  "recall@5": 0.1,
  "mrr@5": 0.11733333333333335,
  "page_hit@10": 0.36,
  "doc_hit@10": 0.36,
  "recall@10": 0.15,
  "mrr@10": 0.13122222222222224
}